Workbook

Sheet Danh sách 58 đề tài
A1: STT | B1: Nhóm ứng dụng | C1: Tên đề tài | D1: Mô tả bài toán | E1: Tầng 1 – Sensing | F1: Actuator / Output | G1: Tầng 2 – Network | H1: Tầng 3 – Middleware | I1: Tầng 4 – Application / Platform | J1: Tích hợp ngoài / chức năng demo | K1: Logic tự động | L1: Yêu cầu triển khai / mô phỏng | M1: Kịch bản Demo nghiệm thu | N1: Độ khó (1–5) | O1: Môi trường mô phỏng bắt buộc | P1: Thời lượng | Q1: Quy mô nhóm | R1: Yêu cầu tiến độ
A7: 6 | B7: Safety | C7: Cảnh báo rò rỉ Gas & chất lượng không khí | D7: Giám sát khí gas/khói và tự động thông gió/ngắt van mô phỏng. | E7: MQ2; MQ135 | F7: Servo van gas; quạt; buzzer | G7: ESP32 + Wi-Fi + MQTT | H7: MQTT Broker + Node-RED | I7: Telegram Bot / Home Assistant / Blynk / nền tảng tương đương | J7: Gửi cảnh báo khẩn và giá trị cảm biến | K7: Gas vượt ngưỡng → đóng van + quạt + còi | L7: BẮT BUỘC: có mô phỏng chức năng cốt lõi của đề tài. TÙY CHỌN/ĐIỂM CỘNG: dựng phần cứng vật lý (Van mô phỏng + quạt thật). Không có phần cứng thật vẫn được Pass nếu simulation và kiến trúc 4 tầng đạt yêu cầu. | M7: Tạo tín hiệu MQ → cơ cấu phản ứng + Telegram | N7: 3 | O7: Bắt buộc dùng Wokwi / Tinkercad / LogicBench hoặc simulator tương đương; có thể dùng Hybrid nếu một simulator không hỗ trợ đủ linh kiện/giao thức. | P7: 10 tuần × 6h/tuần = ≥60h/SV | Q7: 2–3 sinh viên | R7: W2 Simulation; W4 Connected; W6 đủ 4 tầng; W8 E2E; W10 Final

Sheet Chuẩn kiến trúc 4 tầng
A1: CHUẨN KIẾN TRÚC 4 TẦNG IOT DÙNG CHUNG
A2: Tầng | B2: Yêu cầu bắt buộc | C2: Minh chứng nghiệm thu
A3: 1 – Sensing / Physical | B3: BẮT BUỘC có mô phỏng Tầng 1 với ít nhất 01 sensor/input và 01 actuator/output. Có thể dùng Wokwi, Tinkercad, LogicBench hoặc simulator tương đương. Phần cứng vật lý là tùy chọn/điểm cộng, không phải điều kiện Pass. | C3: Bắt buộc nộp link/project file simulation và demo sensor/input thay đổi → actuator/output phản ứng. Nếu có hardware thật, nộp thêm video/ảnh để nhận điểm cộng.
A4: 2 – Network / Connectivity | B4: Node điều khiển có thể là ESP32/Arduino phù hợp với nền tảng mô phỏng; kết nối Wi-Fi/MQTT khi nền tảng hỗ trợ. Nếu Tinkercad không hỗ trợ đầy đủ MQTT/Internet, có thể mô phỏng tầng thiết bị và dùng middleware/application bên ngoài để hoàn thiện kiến trúc. | C4: Minh chứng luồng dữ liệu giữa thiết bị/mô phỏng và middleware; nêu rõ giới hạn của nền tảng nếu có.
A5: 3 – Middleware | B5: MQTT Broker + Middleware/Automation engine. Có thể dùng Node-RED, Home Assistant automation hoặc công cụ tương đương; cần có flow/rule/threshold/scheduler và publish command xuống thiết bị. | C5: Minh chứng flow/rule automation; log dữ liệu; demo xử lý và gửi command xuống thiết bị.
A6: 4 – Application | B6: Ứng dụng/Dashboard không khóa framework: có thể dùng Home Assistant, Blynk, Node-RED Dashboard, Adafruit IO hoặc nền tảng tương đương. Google Assistant và Telegram Bot là tích hợp mở rộng/tùy chọn theo đề tài. | C6: Demo dashboard/ứng dụng và ít nhất một chức năng từ xa: cảnh báo, truy vấn hoặc command tác động thiết bị thật.
A7: Luồng chuẩn | B7: Sensor → ESP32 → MQTT → Middleware/Automation → Application/Platform → MQTT/API → ESP32 → Actuator | C7: Phải chứng minh được ít nhất 01 luồng uplink và 01 luồng downlink; không phụ thuộc framework cụ thể.
A8: Baseline Pass/Fail | B8: Điều kiện Pass: (1) có simulation hoạt động; (2) chứng minh đủ 4 tầng Sensing → Network → Middleware → Application; (3) có ít nhất 01 luồng uplink và 01 luồng downlink/remote interaction. Không bắt buộc hardware vật lý. | C8: Thiếu simulation hoặc thiếu một tầng kiến trúc: chưa đạt. Không được đánh rớt chỉ vì không dựng phần cứng thật.

Sheet Rubric 100 điểm
A1: RUBRIC NGHIỆM THU ĐỀ TÀI IOT – 100 ĐIỂM
A2: Hạng mục | B2: Điểm tối đa | C2: Yêu cầu chính | D2: Điều kiện trừ/không đạt
A3: Simulation & Embedded /20 | B3: 20 | C3: BẮT BUỘC: simulation sensor/input + actuator/output hoạt động, circuit/wiring hợp lý, firmware thể hiện đúng bài toán. Chấp nhận Wokwi, Tinkercad, LogicBench hoặc simulator tương đương. | D3: Không có simulation hoạt động: đề tài chưa đủ điều kiện Pass. Hardware thật không bắt buộc.
A4: Kiến trúc 4 tầng IoT | B4: 25 | C4: Đủ Sensing → Network → Middleware → Application. Có thể kết hợp simulation và dịch vụ thật; phải chứng minh luồng dữ liệu end-to-end. | D4: Thiếu 1 tầng: mục này không đạt baseline.
A5: Automation / Control Logic | B5: 20 | C5: Có rule, threshold, scheduler/state machine; xử lý tình huống hợp lý. | D5: Chỉ bật/tắt thủ công, không có automation: tối đa 50% mục.
A6: Application / Integration | B6: 15 | C6: Có ứng dụng/dashboard và tích hợp điều khiển/cảnh báo từ xa. Chấp nhận Home Assistant, Blynk, Node-RED Dashboard, Adafruit IO, Telegram Bot, Google Assistant hoặc nền tảng tương đương. | D6: Không demo được Application/remote integration: 0 điểm mục. Không bắt buộc framework cụ thể.
A7: Demo & độ ổn định | B7: 10 | C7: Demo theo kịch bản, xử lý được lỗi cơ bản, phản hồi ổn định. | D7: Demo ngẫu nhiên/không lặp lại được: trừ điểm.
A8: Báo cáo & deliverables | B8: 10 | C8: Source code, sơ đồ 4 tầng, wiring, Node-RED flow, video, báo cáo kết quả. | D8: Thiếu source hoặc minh chứng chính: trừ theo mức độ.
A9: TỔNG CƠ BẢN | B9: 100
A10: ĐIỂM CỘNG HARDWARE
A11: Hardware vật lý (Bonus) | B11: 5 | C11: Tùy chọn: dựng prototype vật lý hoạt động tương ứng với simulation; chứng minh sensor/actuator thật. | D11: Không làm hardware: không trừ điểm và không ảnh hưởng điều kiện Pass.
A12: TỔNG TỐI ĐA | B12: 105 | C12: 100 điểm cơ bản + tối đa 5 điểm cộng hardware vật lý. | D12: Điểm cộng không thay thế các điều kiện bắt buộc của simulation và kiến trúc 4 tầng.

Sheet Checklist Deliverables
A1: STT | B1: Deliverable bắt buộc | C1: Yêu cầu
A2: 1 | B2: Source code ESP32 | C2: Code có cấu hình sensor, MQTT, actuator; chú thích các module chính.
A3: 2 | B3: Sơ đồ kiến trúc 4 tầng | C3: Thể hiện Sensing, Network, Middleware, Application và luồng dữ liệu hai chiều.
A4: 3 | B4: Sơ đồ wiring / Circuit | C4: Sơ đồ chân ESP32/Arduino – sensor – actuator – nguồn; nếu mô phỏng, nộp circuit Wokwi/Tinkercad tương ứng.
A5: 4 | B5: Node-RED Flow | C5: File export JSON hoặc ảnh flow kèm giải thích rule.
A6: 5 | B6: MQTT Topics | C6: Danh sách topic, payload mẫu và hướng publish/subscribe.
A7: 6 | B7: Application / Remote Integration | C7: Ảnh/video minh chứng dashboard hoặc điều khiển/cảnh báo từ xa. Có thể dùng Home Assistant, Blynk, Node-RED Dashboard, Adafruit IO, Telegram Bot, Google Assistant hoặc nền tảng tương đương.
A8: 7 | B8: Simulation – BẮT BUỘC | C8: Bắt buộc nộp link/project file Wokwi, Tinkercad, LogicBench hoặc simulator tương đương và video/demo chạy. Simulation phải thể hiện sensor/input → xử lý → actuator/output.
A9: 8 | B9: Video demo | C9: Demo kịch bản bình thường + ít nhất một tình huống cảnh báo/lỗi.
A10: 9 | B10: Báo cáo kỹ thuật | C10: Mục tiêu, thiết kế, thuật toán, kết quả đo, vấn đề và hướng cải tiến.
A11: 10 | B11: Slide/Poster tổng kết | C11: Tóm tắt bài toán, kiến trúc, mô hình và kết quả.
A12: 11 | B12: Hardware vật lý – TÙY CHỌN | C12: Không bắt buộc để Pass. Nếu có prototype thật hoạt động và tương ứng với simulation, được cộng tối đa 5 điểm.
A13: 12 | B13: Minh chứng Hardware Bonus | C13: Ảnh/video prototype thật, wiring, sensor/actuator và demo hoạt động end-to-end.

Sheet Phân nhóm & nghiệm thu
A1: Nhóm SV | B1: SV 1 | C1: SV 2 | D1: SV 3 | E1: Mã đề tài | F1: Tên đề tài | G1: GV hướng dẫn | H1: Trạng thái | I1: Simulation /20 | J1: 4 tầng /25 | K1: Automation /20 | L1: Application / Integration /15 | M1: Demo /10 | N1: Báo cáo /10 | O1: Tổng /100 | P1: Kết quả | Q1: Ghi chú / Hardware Bonus | R1: W1 Scope | S1: W2 Simulation | T1: W3 Firmware | U1: W4 Network | V1: W5 Middleware | W1: W6 Application | X1: W7 Automation | Y1: W8 E2E | Z1: W9 Test/Docs | AA1: W10 Final
O2: =IF(COUNTA(I2:N2)=0,"",SUM(I2:N2)) | P2: =IF(O2="","",IF(O2>=50,"Đạt","Chưa đạt"))
O3: =IF(COUNTA(I3:N3)=0,"",SUM(I3:N3)) | P3: =IF(O3="","",IF(O3>=50,"Đạt","Chưa đạt"))
O4: =IF(COUNTA(I4:N4)=0,"",SUM(I4:N4)) | P4: =IF(O4="","",IF(O4>=50,"Đạt","Chưa đạt"))
O5: =IF(COUNTA(I5:N5)=0,"",SUM(I5:N5)) | P5: =IF(O5="","",IF(O5>=50,"Đạt","Chưa đạt"))
O6: =IF(COUNTA(I6:N6)=0,"",SUM(I6:N6)) | P6: =IF(O6="","",IF(O6>=50,"Đạt","Chưa đạt"))
O7: =IF(COUNTA(I7:N7)=0,"",SUM(I7:N7)) | P7: =IF(O7="","",IF(O7>=50,"Đạt","Chưa đạt"))
O8: =IF(COUNTA(I8:N8)=0,"",SUM(I8:N8)) | P8: =IF(O8="","",IF(O8>=50,"Đạt","Chưa đạt"))
O9: =IF(COUNTA(I9:N9)=0,"",SUM(I9:N9)) | P9: =IF(O9="","",IF(O9>=50,"Đạt","Chưa đạt"))
O10: =IF(COUNTA(I10:N10)=0,"",SUM(I10:N10)) | P10: =IF(O10="","",IF(O10>=50,"Đạt","Chưa đạt"))
A11: N19 | B11: Trình Quốc An | C11: Nguyễn Kim Long | D11: Nguyễn Long Vỹ | E11: 6 | F11: =IFERROR(VLOOKUP(E11,'Danh sách 58 đề tài'!$A$2:$C$60,3,FALSE),"") -> Cảnh báo rò rỉ Gas & chất lượng không khí | O11: =IF(COUNTA(I11:N11)=0,"",SUM(I11:N11)) | P11: =IF(O11="","",IF(O11>=50,"Đạt","Chưa đạt"))
O12: =IF(COUNTA(I12:N12)=0,"",SUM(I12:N12)) | P12: =IF(O12="","",IF(O12>=50,"Đạt","Chưa đạt"))
O13: =IF(COUNTA(I13:N13)=0,"",SUM(I13:N13)) | P13: =IF(O13="","",IF(O13>=50,"Đạt","Chưa đạt"))
O14: =IF(COUNTA(I14:N14)=0,"",SUM(I14:N14)) | P14: =IF(O14="","",IF(O14>=50,"Đạt","Chưa đạt"))
O15: =IF(COUNTA(I15:N15)=0,"",SUM(I15:N15)) | P15: =IF(O15="","",IF(O15>=50,"Đạt","Chưa đạt"))
O16: =IF(COUNTA(I16:N16)=0,"",SUM(I16:N16)) | P16: =IF(O16="","",IF(O16>=50,"Đạt","Chưa đạt"))
O17: =IF(COUNTA(I17:N17)=0,"",SUM(I17:N17)) | P17: =IF(O17="","",IF(O17>=50,"Đạt","Chưa đạt"))
O18: =IF(COUNTA(I18:N18)=0,"",SUM(I18:N18)) | P18: =IF(O18="","",IF(O18>=50,"Đạt","Chưa đạt"))
O19: =IF(COUNTA(I19:N19)=0,"",SUM(I19:N19)) | P19: =IF(O19="","",IF(O19>=50,"Đạt","Chưa đạt"))
O20: =IF(COUNTA(I20:N20)=0,"",SUM(I20:N20)) | P20: =IF(O20="","",IF(O20>=50,"Đạt","Chưa đạt"))
O21: =IF(COUNTA(I21:N21)=0,"",SUM(I21:N21)) | P21: =IF(O21="","",IF(O21>=50,"Đạt","Chưa đạt"))
O22: =IF(COUNTA(I22:N22)=0,"",SUM(I22:N22)) | P22: =IF(O22="","",IF(O22>=50,"Đạt","Chưa đạt"))
O23: =IF(COUNTA(I23:N23)=0,"",SUM(I23:N23)) | P23: =IF(O23="","",IF(O23>=50,"Đạt","Chưa đạt"))
O24: =IF(COUNTA(I24:N24)=0,"",SUM(I24:N24)) | P24: =IF(O24="","",IF(O24>=50,"Đạt","Chưa đạt"))
E25: =IFERROR(VLOOKUP(D25,'Danh sách 58 đề tài'!$A$2:$C$60,3,FALSE),"") | F25: =IFERROR(VLOOKUP(E25,'Danh sách 58 đề tài'!$A$2:$C$60,3,FALSE),"") | O25: =IF(COUNTA(I25:N25)=0,"",SUM(I25:N25)) | P25: =IF(O25="","",IF(O25>=50,"Đạt","Chưa đạt"))
E26: =IFERROR(VLOOKUP(D26,'Danh sách 58 đề tài'!$A$2:$C$60,3,FALSE),"") | F26: =IFERROR(VLOOKUP(E26,'Danh sách 58 đề tài'!$A$2:$C$60,3,FALSE),"") | O26: =IF(COUNTA(I26:N26)=0,"",SUM(I26:N26)) | P26: =IF(O26="","",IF(O26>=50,"Đạt","Chưa đạt"))
E27: =IFERROR(VLOOKUP(D27,'Danh sách 58 đề tài'!$A$2:$C$60,3,FALSE),"") | F27: =IFERROR(VLOOKUP(E27,'Danh sách 58 đề tài'!$A$2:$C$60,3,FALSE),"") | O27: =IF(COUNTA(I27:N27)=0,"",SUM(I27:N27)) | P27: =IF(O27="","",IF(O27>=50,"Đạt","Chưa đạt"))
E28: =IFERROR(VLOOKUP(D28,'Danh sách 58 đề tài'!$A$2:$C$60,3,FALSE),"") | F28: =IFERROR(VLOOKUP(E28,'Danh sách 58 đề tài'!$A$2:$C$60,3,FALSE),"") | O28: =IF(COUNTA(I28:N28)=0,"",SUM(I28:N28)) | P28: =IF(O28="","",IF(O28>=50,"Đạt","Chưa đạt"))
E29: =IFERROR(VLOOKUP(D29,'Danh sách 58 đề tài'!$A$2:$C$60,3,FALSE),"") | F29: =IFERROR(VLOOKUP(E29,'Danh sách 58 đề tài'!$A$2:$C$60,3,FALSE),"") | O29: =IF(COUNTA(I29:N29)=0,"",SUM(I29:N29)) | P29: =IF(O29="","",IF(O29>=50,"Đạt","Chưa đạt"))
E30: =IFERROR(VLOOKUP(D30,'Danh sách 58 đề tài'!$A$2:$C$60,3,FALSE),"") | F30: =IFERROR(VLOOKUP(E30,'Danh sách 58 đề tài'!$A$2:$C$60,3,FALSE),"") | O30: =IF(COUNTA(I30:N30)=0,"",SUM(I30:N30)) | P30: =IF(O30="","",IF(O30>=50,"Đạt","Chưa đạt"))
E31: =IFERROR(VLOOKUP(D31,'Danh sách 58 đề tài'!$A$2:$C$60,3,FALSE),"") | F31: =IFERROR(VLOOKUP(E31,'Danh sách 58 đề tài'!$A$2:$C$60,3,FALSE),"") | O31: =IF(COUNTA(I31:N31)=0,"",SUM(I31:N31)) | P31: =IF(O31="","",IF(O31>=50,"Đạt","Chưa đạt"))

Sheet Hướng dẫn mô phỏng
A1: HƯỚNG DẪN DÙNG WOKWI / TINKERCAD TRONG ĐỀ TÀI IOT
A2: Nội dung | B2: Wokwi | C2: Tinkercad
A3: Phù hợp nhất | B3: ESP32/Arduino, sensor, actuator, logic firmware, Wi-Fi/MQTT ở mức mô phỏng phù hợp. | C3: Arduino, mạch điện cơ bản, sensor/servo/LED/LCD, kiểm tra wiring và logic cơ bản.
A4: Vai trò trong 4 tầng | B4: Có thể mô phỏng tốt Tầng 1–2 và kết nối ra MQTT/API tùy bài. | C4: Chủ yếu mạnh ở Tầng 1 và logic thiết bị; Tầng 2–4 có thể ghép với công cụ bên ngoài.
A5: Middleware | B5: Node-RED / Home Assistant / công cụ tương đương chạy bên ngoài simulation. | C5: Node-RED / Home Assistant / công cụ tương đương chạy bên ngoài simulation.
A6: Application | B6: Home Assistant, Blynk, Node-RED Dashboard, Adafruit IO, Telegram Bot, Google Assistant hoặc tương đương. | C6: Tương tự; không bắt buộc tích hợp trực tiếp bên trong Tinkercad.
A7: Yêu cầu demo | B7: Cho thấy sensor thay đổi → dữ liệu được xử lý → rule chạy → actuator/application phản ứng. | C7: Cho thấy circuit + logic thiết bị; nếu thiếu Internet/MQTT thì giải thích và bổ sung phần middleware/application riêng.
A8: Nguyên tắc chấm | B8: Không ưu tiên framework hay nền tảng. Chấm theo kiến trúc, logic, minh chứng và khả năng giải thích. | C8: Không ưu tiên framework hay nền tảng. Chấm theo kiến trúc, logic, minh chứng và khả năng giải thích.
A9: Khuyến nghị | B9: Ưu tiên cho đề tài dùng ESP32/MQTT và cần demo IoT end-to-end. | C9: Ưu tiên cho bài mạch/Arduino cơ bản, servo, motor, sensor, LCD; phù hợp giai đoạn prototype.
A10: QUY ĐỊNH CHUNG
A11: Simulation | B11: BẮT BUỘC | C11: Mỗi đề tài phải có project mô phỏng chạy được và được demo khi nghiệm thu.
A12: Hardware vật lý | B12: TÙY CHỌN / BONUS | C12: Không có hardware thật vẫn có thể đạt 100/100 nếu đáp ứng toàn bộ tiêu chí bắt buộc. Hardware thật cộng tối đa 5 điểm.
A13: Điều kiện Pass | B13: Simulation + đủ 4 tầng | C13: Không Pass nếu chỉ trình bày slide/code mà không có simulation hoạt động hoặc thiếu kiến trúc 4 tầng.
A15: SMART RETAIL – ĐỀ TÀI 49–58
A16: Nguyên tắc | B16: Simulation bắt buộc | C16: Các đề tài Retail phải mô phỏng được event vật lý (sensor/input), business rule và output/actuator; không chấp nhận chỉ làm web/POS thuần phần mềm.
A17: Hardware | B17: Tùy chọn / Bonus | C17: Kệ, tủ mát, checkout counter, cửa kho, kiosk... bằng phần cứng thật được cộng điểm nhưng không phải điều kiện Pass.
A19: THỜI LƯỢNG & MILESTONE
A20: Khối lượng | B20: 10 tuần × 6 giờ/tuần/SV | C20: Tối thiểu 60 giờ mỗi sinh viên; nhóm 2 SV ≥120 person-hours; nhóm 3 SV ≥180 person-hours.
A21: Milestone bắt buộc | B21: W2 / W4 / W6 / W8 | C21: W2 Simulation; W4 Connected Device; W6 Full 4-Layer; W8 End-to-End.
A22: Hardware Bonus | B22: Khuyến nghị Week 7–9 | C22: Chỉ triển khai hardware thật sau khi simulation ổn định; không được dùng hardware để thay thế simulation bắt buộc.

Sheet Kế hoạch 10 tuần - 60h
A1: KẾ HOẠCH THỰC HIỆN ĐỀ TÀI IOT – 10 TUẦN / TỐI THIỂU 60 GIỜ MỖI SINH VIÊN
A2: Tuần | B2: Thời lượng / SV | C2: Mục tiêu kỹ thuật | D2: Nội dung 6 giờ thực hiện | E2: Deliverable bắt buộc | F2: Milestone / Điều kiện nghiệm thu | G2: Tỷ trọng tiến độ
A3: 1 | B3: 6h | C3: Phân tích bài toán & kiến trúc | D3: 2h phân tích yêu cầu/use case; 2h xác định sensor-input, actuator-output, automation; 2h thiết kế kiến trúc 4 tầng và phân công nhóm. | E3: Problem Statement; Use Case; BOM dự kiến; sơ đồ Sensing→Network→Middleware→Application V1; bảng phân công. | F3: Chốt scope; mỗi SV phải giải thích được toàn bộ kiến trúc, không chỉ phần mình phụ trách. | G3: 5%
A4: 2 | B4: 6h | C4: Simulation Tầng 1 – Sensing/Physical | D4: 2h dựng circuit trên Wokwi/Tinkercad/LogicBench; 2h đọc sensor/input; 2h điều khiển actuator/output và kiểm tra wiring. | E4: Link/project simulation V1; circuit/wiring; sensor/input và actuator/output chạy được. | F4: M1 – Device Prototype: simulation là BẮT BUỘC. Không có simulation hoạt động thì chưa đạt tiến độ. | G4: 10%
A5: 3 | B5: 6h | C5: Firmware & embedded logic | D5: 3h hoàn thiện firmware; 2h calibration/filter/timer/state; 1h test nhiều bộ dữ liệu đầu vào. | E5: Simulation V2; source code; bảng test Input→Processing→Output; thông số threshold/calibration. | F5: Firmware phải chạy lặp lại ổn định; không chỉ demo một trường hợp hard-code. | G5: 10%
A6: 4 | B6: 6h | C6: Tầng 2 – Network / Connectivity | D6: 2h thiết kế MQTT topics/payload; 2h publish telemetry/event; 2h subscribe command và test reconnect. | E6: MQTT topic map; payload mẫu; log Publish + Subscribe; simulation/device nhận command từ network. | F6: M2 – Connected Device: chứng minh uplink và downlink qua MQTT/API phù hợp. | G6: 10%
A7: 5 | B7: 6h | C7: Tầng 3 – Middleware / Automation Engine | D7: 3h xây flow/rules bằng Node-RED, Home Assistant Automation hoặc tương đương; 2h threshold/scheduler/state; 1h logging. | E7: Middleware flow/export; ít nhất 01 automation rule; log/event history; command trả xuống device. | F7: Middleware phải thực hiện xử lý, không chỉ forward dữ liệu. | G7: 10%
A8: 6 | B8: 6h | C8: Tầng 4 – Application / Platform | D8: 3h dashboard/application; 2h remote command/alert; 1h kiểm tra phân quyền/trạng thái cơ bản. | E8: Home Assistant/Blynk/Node-RED Dashboard/Adafruit IO/Telegram/Web App hoặc tương đương hoạt động. | F8: M3 – Full 4-Layer IoT: đủ Sensing→Network→Middleware→Application. | G8: 10%
A9: 7 | B9: 6h | C9: Business rules & abnormal scenarios | D9: 3h bổ sung automation; 2h abnormal/error scenario; 1h test timeout, threshold, scheduler hoặc state machine. | E9: Tối thiểu 02 automation rules + 01 abnormal/alert scenario; test evidence. | F9: Không chấp nhận hệ thống chỉ bật/tắt thủ công. Phải có logic tự động phù hợp bài toán. | G9: 10%
A10: 8 | B10: 6h | C10: End-to-End Integration | D10: 3h ghép toàn hệ thống; 2h kiểm thử luồng hai chiều; 1h xử lý lỗi integration. | E10: Demo E2E: Sensor/Input→Network→Middleware→Application và Application→Middleware→Device→Actuator. | F10: M4 – End-to-End System: luồng uplink + downlink hoạt động ổn định. | G10: 15%
A11: 9 | B11: 6h | C11: System Test & Documentation | D11: 2h test cases; 2h fix/robustness; 2h hoàn thiện tài liệu, sơ đồ, source và video draft. | E11: Test report; architecture final; wiring; MQTT topics; source; middleware flow; video demo draft. | F11: Không bổ sung scope lớn ở tuần 9; tập trung sửa lỗi và chuẩn hóa deliverables. | G11: 10%
A12: 10 | B12: 6h | C12: Final Demo & nghiệm thu | D12: 2h final regression test; 2h live demo; 2h trình bày, Q&A cá nhân và hoàn thiện báo cáo. | E12: Live Demo; simulation project; source; báo cáo; video; slide/poster; Q&A từng thành viên. | F12: Final: Simulation + đủ 4 tầng là điều kiện Pass. Hardware vật lý chỉ Bonus, không bắt buộc. | G12: 10%
A13: TỔNG | B13: 60h/SV | G13: 100%

Sheet Phân công nhóm 2-3 SV
A1: PHÂN CÔNG CÔNG VIỆC – MỖI SINH VIÊN TỐI THIỂU 60 GIỜ
A2: Quy mô | B2: Vai trò chính | C2: Tuần 1–6 | D2: Tuần 7–10 | E2: Nguyên tắc nghiệm thu cá nhân
A3: Nhóm 2 SV | B3: SV1 – Embedded/Connectivity | C3: Primary: simulation, sensor/actuator, firmware, MQTT. Cross-review Middleware/Application. | D3: Cùng SV2 làm automation, E2E integration, test, documentation, final demo. | E3: Phải hiểu và trả lời được cả 4 tầng; không chỉ phần được phân công.
A4: Nhóm 2 SV | B4: SV2 – Middleware/Application | C4: Primary: middleware, dashboard/application, remote integration. Cross-review Embedded/MQTT. | D4: Cùng SV1 làm automation, E2E integration, test, documentation, final demo. | E4: Phải hiểu và trả lời được cả 4 tầng; không chỉ phần được phân công.
A5: Nhóm 3 SV | B5: SV1 – Sensing/Embedded | C5: Primary: circuit, simulation, sensor/actuator, firmware. | D5: Integration + test chéo + tài liệu + demo. | E5: Có evidence công việc cá nhân và hiểu luồng E2E.
A6: Nhóm 3 SV | B6: SV2 – Network/Middleware | C6: Primary: MQTT/API, topic/payload, middleware/rules/logging. | D6: Integration + test chéo + tài liệu + demo. | E6: Có evidence công việc cá nhân và hiểu luồng E2E.
A7: Nhóm 3 SV | B7: SV3 – Application/Automation | C7: Primary: dashboard/app, alert/command, business rules. | D7: Integration + test chéo + tài liệu + demo. | E7: Có evidence công việc cá nhân và hiểu luồng E2E.
A8: Yêu cầu chung | B8: 60h/SV | C8: 10 tuần × 6h/SV. Nhóm 2 SV = ≥120 person-hours; nhóm 3 SV = ≥180 person-hours. | D8: Hardware thật nếu làm nên triển khai Week 7–9 sau khi simulation ổn định. | E8: Hardware là Bonus; không thay thế simulation và kiến trúc 4 tầng bắt buộc.
